instrument,timeframe,variant,filters_applied,K,n_signals,win_rate,base_rate,win_rate_excess,p_value_raw,p_value_corrected,avg_return_gross,avg_return_net,sharpe_gross,sharpe_net,avg_mfe_atr,avg_mae_atr,mfe_mae_ratio,win_rate_ci_lo,win_rate_ci_hi,sharpe_ci_lo,sharpe_ci_hi
EUR_USD,M5,A,direction,5,5229,0.6068081851214381,0.6487,-0.04189181487856197,0.9999999998591889,0.9999999999998943,-0.028322573559144963,-0.9194435526513666,-0.2128281593913303,-6.778049005654002,1.4920077136320287,1.5043377901918684,0.9918036516530857,0.5924650984891949,0.6205775482883916,-7.425820173193912,-6.164397061198092
EUR_USD,M5,A,direction+body_ratio,5,2748,0.604075691411936,0.6487,-0.0446243085880641,0.9999994659302764,0.9999999999998943,-0.03542293565336408,-0.9060876828164015,-0.2678071636343484,-6.744056098286624,1.4828366688160115,1.4878408631950706,0.9966366064390026,0.5858806404657934,0.6215429403202329,-7.722943239676979,-5.868523326158631
EUR_USD,M5,A,direction+body_ratio+wick,5,2748,0.604075691411936,0.6487,-0.0446243085880641,0.9999994659302764,0.9999999999998943,-0.03542293565336408,-0.9060876828164015,-0.2678071636343484,-6.744056098286624,1.4828366688160115,1.4878408631950706,0.9966366064390026,0.5858806404657934,0.6215429403202329,-7.722943239676979,-5.868523326158631
EUR_USD,M5,A,direction+body_ratio+wick+session_both,5,350,0.6114285714285714,0.6496,-0.03817142857142852,0.9389085889513645,0.9999999999998943,0.027808506149597817,-0.6866053644766148,0.2343597511524566,-5.809674628213667,1.523345275446108,1.4136861144420352,1.0775696669039958,0.5542857142857143,0.6685714285714286,-7.623128463087549,-4.245973616287833
EUR_USD,M5,A,direction+body_ratio+wick+session_london,5,168,0.625,0.6558,-0.03080000000000005,0.8219294549098392,0.9999999999998943,0.12289567600755263,-0.6731258075374833,0.9629344112622948,-5.339318512672871,1.5527847173915692,1.3538769860862687,1.1469171374869844,0.5476190476190477,0.7023809523809523,-8.239770354344882,-2.8417779520592577
EUR_USD,M5,A,direction+body_ratio+wick+session_newyork,5,182,0.5989010989010989,0.6465,-0.04759890109890108,0.9213177421699822,0.9999999999998943,-0.059964266026975875,-0.6990480324204286,-0.5479238982781135,-6.332039649604943,1.4961704059579901,1.4688945406165885,1.0185689745500397,0.521978021978022,0.6593406593406593,-9.009506905923642,-4.68854783866144
EUR_USD,M5,A,direction+body_ratio+wick+session_both+news,5,349,0.6103151862464183,0.6496,-0.039284813753581616,0.9436931373565169,0.9999999999998943,0.02886612063353764,-0.6864663958130317,0.24293851646071882,-5.800200514832564,1.5224067505825947,1.4128847340791657,1.0775165969747764,0.5530085959885387,0.664756446991404,-7.598923870796109,-4.231250446003826
EUR_USD,M5,A,direction+body_ratio+wick+session_both+news+trend,5,150,0.6066666666666667,0.6496,-0.04293333333333327,0.8819259005451104,0.9999999999998943,0.003434892836526817,-0.7186262292236579,0.02587934202804928,-5.450823933115782,1.564995291145498,1.4680352201900644,1.0660475100473954,0.5066666666666667,0.7066666666666667,-8.773912479925615,-3.6984030317194696
EUR_USD,M5,A,direction+body_ratio+wick+session_both+news+trend+range_position,5,85,0.5647058823529412,0.6496,-0.08489411764705879,0.9586489365295212,0.9999999999998943,-0.23023606641111907,-0.8990893337688902,-2.0583132583535977,-8.047864625013744,1.3786968685199439,1.4389470426596447,0.9581289843521005,0.47058823529411764,0.6941176470588235,-12.268039606369397,-5.8870274235473685
EUR_USD,M5,A,direction,10,5229,0.6152227959456875,0.6496,-0.03437720405431244,0.9999998947021311,0.9999999999998943,-0.054450297577531497,-0.9455712766697532,-0.2603499946829279,-4.487711126760321,2.2060384458561773,2.2375914205055367,0.9858986880445624,0.6008749282845669,0.6288009179575444,-5.025675139635268,-3.9743752503981162
EUR_USD,M5,A,direction+body_ratio,10,2748,0.6135371179039302,0.6496,-0.03606288209606978,0.9999617518902879,0.9999999999998943,-0.09599595099488613,-0.9666606981579234,-0.46773156431921203,-4.684241657089151,2.125222107351211,2.19458764463382,0.9683924506491136,0.5953420669577875,0.63136826783115,-5.486319193152767,-3.962690258293576
EUR_USD,M5,A,direction+body_ratio+wick,10,2748,0.6135371179039302,0.6496,-0.03606288209606978,0.9999617518902879,0.9999999999998943,-0.09599595099488613,-0.9666606981579234,-0.46773156431921203,-4.684241657089151,2.125222107351211,2.19458764463382,0.9683924506491136,0.5953420669577875,0.63136826783115,-5.486319193152767,-3.962690258293576
EUR_USD,M5,A,direction+body_ratio+wick+session_both,10,350,0.6171428571428571,0.64905,-0.03190714285714291,0.9037333645368218,0.9999999999998943,0.16168344340875418,-0.5527304272174585,0.963346296562971,-3.2815497118492707,2.0956248801450084,1.9040536994928856,1.1006122782688035,0.5571428571428572,0.6742857142857143,-4.837518545927433,-1.9737131996039567
EUR_USD,M5,A,direction+body_ratio+wick+session_london,10,168,0.6309523809523809,0.6555,-0.02454761904761904,0.7746589364581808,0.9999999999998943,0.17420708887861722,-0.6218143946664189,0.9933296535958533,-3.5388020238206224,2.131246746717796,1.8219951299160588,1.1697324058248084,0.5535714285714286,0.7142857142857143,-5.661327271318428,-1.5808640248847836
EUR_USD,M5,A,direction+body_ratio+wick+session_newyork,10,182,0.6043956043956044,0.64645,-0.04205439560439561,0.8962139099021331,0.9999999999998943,0.15012315528272666,-0.488960611110726,0.9350198355819492,-3.0309409168441994,2.062743157154744,1.9798000714099568,1.0418946776205122,0.521978021978022,0.6703296703296703,-6.124702840852745,-1.1176695082387962
EUR_USD,M5,A,direction+body_ratio+wick+session_both+news,10,349,0.6160458452722063,0.64905,-0.03300415472779372,0.9104924829882269,0.9999999999998943,0.16628413261865366,-0.5490483838279157,0.9898570367512349,-3.2561071040975085,2.096326124922466,1.9010841636396594,1.1027003249077687,0.5587392550143266,0.670487106017192,-4.820359939745054,-1.917556430145649
EUR_USD,M5,A,direction+body_ratio+wick+session_both+news+trend,10,150,0.6066666666666667,0.64905,-0.04238333333333333,0.8790796545174946,0.9999999999998943,0.13996824362263333,-0.5820928784375514,0.8381566776840187,-3.4813182058951067,2.136595514755042,1.9202338611790886,1.112674637162736,0.5066666666666667,0.7066666666666667,-6.260600961807096,-1.5563775304180558
EUR_USD,M5,A,direction+body_ratio+wick+session_both+news+trend+range_position,10,85,0.5647058823529412,0.64905,-0.08434411764705885,0.9576807421432217,0.9999999999998943,-0.08129589175172876,-0.7501491591094995,-0.5730237731659956,-5.224135701041353,1.7735380443393989,1.8715340639710716,0.9476386663122005,0.47058823529411764,0.6941176470588235,-10.169169638910297,-2.280500531764042
EUR_USD,M5,A,direction,20,5229,0.6173264486517499,0.6497,-0.03237355134825015,0.9999994966607396,0.9999999999998943,-0.1314934629046927,-1.0226144419969143,-0.4484047799575331,-3.4724304725497737,3.201390703107791,3.3045319077279447,0.9687879531806158,0.6026008797093134,0.6309045706636068,-3.9439610808358365,-3.023240347857555
EUR_USD,M5,A,direction+body_ratio,20,2748,0.6157205240174672,0.6497,-0.033979475982532814,0.9999040982891435,0.9999999999998943,-0.21160290997820122,-1.0822676571412386,-0.7304879841097454,-3.719284527302393,3.0805065130042197,3.271744708954539,0.9415485580439961,0.5975163755458517,0.6328238719068413,-4.38938370445328,-3.1150887672030168
EUR_USD,M5,A,direction+body_ratio+wick,20,2748,0.6157205240174672,0.6497,-0.033979475982532814,0.9999040982891435,0.9999999999998943,-0.21160290997820122,-1.0822676571412386,-0.7304879841097454,-3.719284527302393,3.0805065130042197,3.271744708954539,0.9415485580439961,0.5975163755458517,0.6328238719068413,-4.38938370445328,-3.1150887672030168
EUR_USD,M5,A,direction+body_ratio+wick+session_both,20,350,0.62,0.64875,-0.028750000000000053,0.8811418808747344,0.9999999999998943,0.024215034802379864,-0.6901988358238328,0.11518449138499917,-3.2772315933099416,2.757739587075844,2.612569209262295,1.0555661366975002,0.5571428571428572,0.6742857142857143,-4.7001103936180675,-1.893025487919714
EUR_USD,M5,A,direction+body_ratio+wick+session_london,20,168,0.6309523809523809,0.6558,-0.02484761904761912,0.7771264405316762,0.9999999999998943,0.060282629878109006,-0.7357388536669272,0.2711976183865633,-3.3034473304291896,2.804083772936233,2.567117749012135,1.0923082020742079,0.5535714285714286,0.7142857142857143,-5.410867077532769,-1.1885599008190084
EUR_USD,M5,A,direction+body_ratio+wick+session_newyork,20,182,0.6098901098901099,0.6465,-0.03660989010989002,0.8663139632672693,0.9999999999998943,-0.009078129882908511,-0.6481618962763611,-0.045750060086273935,-3.26150659685144,2.7149603385893304,2.6545244033393667,1.0227671424583387,0.521978021978022,0.6703296703296703,-5.44809828112563,-1.4856859935801556
EUR_USD,M5,A,direction+body_ratio+wick+session_both+news,20,349,0.6189111747851003,0.64875,-0.029838825214899778,0.8890110765437194,0.9999999999998943,0.03301059872279126,-0.6823219177237781,0.15698857720730222,-3.2383368175567417,2.7603380086639917,2.6111032239900225,1.0571539199610516,0.5587392550143266,0.673352435530086,-4.667697349150811,-1.8471810243656268
EUR_USD,M5,A,direction+body_ratio+wick+session_both+news+trend,20,150,0.6066666666666667,0.64875,-0.04208333333333336,0.8775075762485746,0.9999999999998943,-0.0583087526289981,-0.7803698746891831,-0.25567059641173456,-3.4376428798123095,2.7908295103918728,2.694747370926568,1.0356553421303711,0.5066666666666667,0.7066666666666667,-6.353584562050257,-0.9332521974871447
EUR_USD,M5,A,direction+body_ratio+wick+session_both+news+trend+range_position,20,85,0.5647058823529412,0.64875,-0.08404411764705888,0.9571451713289605,0.9999999999998943,-0.32550809387190116,-0.9943613612296718,-1.574422654995415,-4.818189817876662,2.377757382450591,2.6317453744121972,0.9034906665245551,0.47058823529411764,0.6941176470588235,-8.44247975817734,-1.9721156590482234
EUR_USD,M5,A_sn,direction,5,5522,0.604491126403477,0.6487,-0.044208873596523035,0.9999999999959532,0.9999999999998943,-0.045851908206518986,-0.8849787609371131,-0.37398231195012704,-7.0465526283525906,1.3221742692185037,1.3668497127652888,0.967315028763183,0.5901847156827237,0.6189786309308222,-7.690637098806412,-6.467847364271696
EUR_USD,M5,A_sn,direction+body_ratio,5,2846,0.5990864371047083,0.6487,-0.04961356289529173,0.999999982250173,0.9999999999998943,-0.05888191070209718,-0.8758560113640701,-0.48933107741392246,-7.093056939192322,1.3029673943397706,1.3659277182140388,0.953906547883376,0.5794096978215039,0.6184118060435699,-8.053211233582728,-6.269467067869619
EUR_USD,M5,A_sn,direction+body_ratio+wick,5,2846,0.5990864371047083,0.6487,-0.04961356289529173,0.999999982250173,0.9999999999998943,-0.05888191070209718,-0.8758560113640701,-0.48933107741392246,-7.093056939192322,1.3029673943397706,1.3659277182140388,0.953906547883376,0.5794096978215039,0.6184118060435699,-8.053211233582728,-6.269467067869619
EUR_USD,M5,A_sn,direction+body_ratio+wick+session_both,5,336,0.6160714285714286,0.6496,-0.03352857142857135,0.9100644421198495,0.9999999999998943,-0.0378433705208369,-0.7388203226696465,-0.339085667056972,-6.626913005346628,1.434236621478695,1.4472142256450777,0.9910326999718386,0.5505952380952381,0.6815476190476191,-8.463552439596834,-4.9740007777178965
EUR_USD,M5,A_sn,direction+body_ratio+wick+session_london,5,186,0.6344086021505376,0.6558,-0.021391397849462424,0.7565560324715974,0.9999999999998943,-0.089281300339426,-0.887444771174424,-0.7875034030089494,-7.896187531397025,1.3552182649270739,1.3779259555027565,0.9835203840344255,0.5698924731182796,0.7204301075268817,-9.686437446548597,-6.000849138923656
EUR_USD,M5,A_sn,direction+body_ratio+wick+session_newyork,5,150,0.5933333333333334,0.6465,-0.053166666666666584,0.9250065930980551,0.9999999999998943,0.025939662454213537,-0.5545260065237221,0.23745963696685413,-5.075681119905679,1.5322193836027052,1.5331316806215556,0.9994049454261615,0.5333333333333333,0.6733333333333333,-7.647703282565377,-2.6261689698092168
EUR_USD,M5,A_sn,direction+body_ratio+wick+session_both+news,5,327,0.6146788990825688,0.6496,-0.03492110091743117,0.9157092985239631,0.9999999999998943,-0.041673667166396394,-0.751684632603515,-0.3735550255352601,-6.751917690742074,1.4271226762442633,1.4310420673583035,0.997261162894201,0.5504587155963303,0.6819571865443425,-8.640166125007381,-5.040287732305313
EUR_USD,M5,A_sn,direction+body_ratio+wick+session_both+news+trend,5,146,0.547945205479452,0.6496,-0.10165479452054793,0.995601865340871,0.9999999999998943,-0.07845323085108702,-0.7806022455452142,-0.6374702878910669,-6.4414733027222315,1.4575566067868955,1.5174460428207506,0.9605327409714498,0.4520547945205479,0.6643835616438356,-10.163844827015179,-3.9665355905869526
EUR_USD,M5,A_sn,direction+body_ratio+wick+session_both+news+trend+range_position,5,94,0.5425531914893617,0.6496,-0.1070468085106383,0.9877247010426244,0.9999999999998943,-0.217561972163542,-0.8824740125859739,-1.886807691549979,-7.803554225980632,1.4271023111310284,1.5121121650559812,0.9437807221650084,0.46808510638297873,0.6595744680851063,-13.701071052294992,-4.68657146141687
EUR_USD,M5,A_sn,direction,10,5522,0.6216950380296994,0.6496,-0.027904961970300568,0.99999276647982,0.9999999999998943,-0.07482546404568731,-0.9139523167762812,-0.43656922565340966,-5.262601289388808,1.8706516741010346,1.9312343141746415,0.9686300933921121,0.607388627308946,0.6360014487504527,-5.8086972563383705,-4.716761593643586
EUR_USD,M5,A_sn,direction+body_ratio,10,2846,0.6166549543218552,0.6496,-0.03294504567814471,0.9998835510873618,0.9999999999998943,-0.10552122681366255,-0.9224953274756353,-0.6313074592113436,-5.4419717638878495,1.8081667669080417,1.9166879002062442,0.94338090552639,0.5976809557273366,0.6359803232607167,-6.232853587359841,-4.687822625587208
EUR_USD,M5,A_sn,direction+body_ratio+wick,10,2846,0.6166549543218552,0.6496,-0.03294504567814471,0.9998835510873618,0.9999999999998943,-0.10552122681366255,-0.9224953274756353,-0.6313074592113436,-5.4419717638878495,1.8081667669080417,1.9166879002062442,0.94338090552639,0.5976809557273366,0.6359803232607167,-6.232853587359841,-4.687822625587208
EUR_USD,M5,A_sn,direction+body_ratio+wick+session_both,10,336,0.6220238095238095,0.64905,-0.02702619047619048,0.8630517181244828,0.9999999999998943,-0.13813307580231854,-0.8391100279511282,-0.8877488541567248,-5.36639601421196,1.9051713389579812,1.9527677122309532,0.9756261981520602,0.5595238095238095,0.6845238095238095,-6.9726816163822,-3.8875078853253426
EUR_USD,M5,A_sn,direction+body_ratio+wick+session_london,10,186,0.6397849462365591,0.6555,-0.015715053763440845,0.7032500200173191,0.9999999999998943,-0.18977948109453383,-0.987942951929532,-1.3454432416873316,-6.9396752821710015,1.7900501521633136,1.8896626755701194,0.9472855527631395,0.5752688172043011,0.7258064516129032,-9.378833863061834,-4.649107209306255
EUR_USD,M5,A_sn,direction+body_ratio+wick+session_newyork,10,150,0.6,0.64645,-0.04644999999999999,0.8981046869200582,0.9999999999998943,-0.07409153323997161,-0.6545572022179073,-0.4311409826598395,-3.8179628861784844,2.0479216105833697,2.0310179576903873,1.0083227491066622,0.54,0.68,-6.763214200912221,-0.9044437842737456
EUR_USD,M5,A_sn,direction+body_ratio+wick+session_both+news,10,327,0.6207951070336392,0.64905,-0.028254892966360856,0.8701423585738722,0.9999999999998943,-0.13564689538971475,-0.8456578608268335,-0.8736250857076013,-5.420376378327301,1.896288129286782,1.9352760513319875,0.9798540771388291,0.5596330275229358,0.6850152905198776,-6.99788072940509,-3.981022291976405
EUR_USD,M5,A_sn,direction+body_ratio+wick+session_both+news+trend,10,146,0.547945205479452,0.64905,-0.10110479452054799,0.9954151702675406,0.9999999999998943,-0.2038110712879895,-0.9059600859821167,-1.284484543292284,-5.7177139896339995,1.8704267791663798,2.014656233665031,0.9284098934157758,0.4520547945205479,0.6643835616438356,-8.903444196302061,-3.7638136025566507
EUR_USD,M5,A_sn,direction+body_ratio+wick+session_both+news+trend+range_position,10,94,0.5425531914893617,0.64905,-0.10649680851063836,0.987356115209454,0.9999999999998943,-0.26119994484768433,-0.9261119852701165,-1.6949717731748148,-6.029784311282085,1.7743122417070862,2.0211483267490378,0.8778733446847117,0.46808510638297873,0.6595744680851063,-12.025643656292225,-2.9001143426674396
EUR_USD,M5,A_sn,direction,20,5522,0.626946758420862,0.6497,-0.02275324157913805,0.9998019606820844,0.9999999999998943,-0.08735642133184872,-0.9264832740624429,-0.3480281537801311,-3.6664752854693434,2.7085100699072457,2.8085515562525862,0.9643796867026986,0.6128169141615357,0.6414342629482072,-4.157797736612743,-3.2083703115878275
EUR_USD,M5,A_sn,direction+body_ratio,20,2846,0.6208713984539704,0.6497,-0.02882860154602962,0.9993721854436438,0.9999999999998943,-0.15219869014909743,-0.9691727908110701,-0.6183128590627948,-3.901844447750224,2.621999750842674,2.8086762051348546,0.933535786734371,0.6022487702037947,0.6398453970484891,-4.582808308909985,-3.305746011041018
EUR_USD,M5,A_sn,direction+body_ratio+wick,20,2846,0.6208713984539704,0.6497,-0.02882860154602962,0.9993721854436438,0.9999999999998943,-0.15219869014909743,-0.9691727908110701,-0.6183128590627948,-3.901844447750224,2.621999750842674,2.8086762051348546,0.933535786734371,0.6022487702037947,0.6398453970484891,-4.582808308909985,-3.305746011041018
EUR_USD,M5,A_sn,direction+body_ratio+wick+session_both,20,336,0.6220238095238095,0.64875,-0.026726190476190514,0.8604927474365536,0.9999999999998943,-0.18982660167369594,-0.8908035538225055,-0.9458764588630043,-4.42519895810901,2.58257019269617,2.644545023715784,0.9765650308601914,0.5595238095238095,0.6845238095238095,-6.0335539836592265,-2.7075657106329314
EUR_USD,M5,A_sn,direction+body_ratio+wick+session_london,20,186,0.6397849462365591,0.6558,-0.016015053763440923,0.7062387739479183,0.9999999999998943,-0.23167352858241644,-1.0298369994174146,-1.1732474457547502,-5.187987837535977,2.5020670180460125,2.6344246837246796,0.9497584172755573,0.5752688172043011,0.7258064516129032,-6.88875763108878,-2.9205908411416677
EUR_USD,M5,A_sn,direction+body_ratio+wick+session_newyork,20,150,0.6,0.6465,-0.046499999999999986,0.8983349941419713,0.9999999999998943,-0.13793641230688264,-0.7184020812848183,-0.6742750800058774,-3.5181590754747694,2.6823941292623656,2.6570942453047532,1.0095216359006907,0.54,0.68,-6.099055584387728,-0.9834133219936995
EUR_USD,M5,A_sn,direction+body_ratio+wick+session_both+news,20,327,0.6207951070336392,0.64875,-0.02795489296636089,0.8677076497026733,0.9999999999998943,-0.1455575252604162,-0.8555684906975348,-0.7462194548517216,-4.368185057706641,2.581050852462667,2.599524463575298,0.9928934651812343,0.5596330275229358,0.6850152905198776,-5.940127635309402,-2.6227444295121938
EUR_USD,M5,A_sn,direction+body_ratio+wick+session_both+news+trend,20,146,0.547945205479452,0.64875,-0.10080479452054802,0.9953104258143842,0.9999999999998943,-0.2251824872185547,-0.9273315019126818,-1.1044571165430668,-4.527480561266214,2.5953776051393453,2.721062675835803,0.9538102992582292,0.4520547945205479,0.6643835616438356,-8.271875415312062,-1.9478325169985637
EUR_USD,M5,A_sn,direction+body_ratio+wick+session_both+news+trend+range_position,20,94,0.5425531914893617,0.64875,-0.1061968085106384,0.9871511441734252,0.9999999999998943,-0.3194400152980838,-0.9843520557205155,-1.5669157658951032,-4.7934570861362396,2.4599592004449296,2.7149771301725982,0.9060699528944258,0.46808510638297873,0.6595744680851063,-10.84660773537243,-3.1348456278417327
EUR_USD,M5,B,direction,5,1939,0.5771015987622485,0.6487,-0.07159840123775152,0.9999999999696383,0.9999999999998943,-0.04217735645900759,-1.0177040583014598,-0.28549033741975943,-6.708669085631719,1.6676990700185512,1.7281846907243015,0.9650004880668165,0.5523465703971119,0.6023723568849922,-7.743062319696788,-5.941062139789764
EUR_USD,M5,B,direction+body_ratio,5,986,0.5740365111561866,0.6487,-0.07466348884381346,0.9999994669476736,0.9999999999998943,-0.1158203908019375,-1.03864073086289,-0.7756867098623167,-6.7899072779761145,1.640733988217585,1.762284105337917,0.9310269457959931,0.539553752535497,0.6024340770791075,-8.054850574156303,-5.6704074835742295
EUR_USD,M5,B,direction+body_ratio+wick,5,986,0.5740365111561866,0.6487,-0.07466348884381346,0.9999994669476736,0.9999999999998943,-0.1158203908019375,-1.03864073086289,-0.7756867098623167,-6.7899072779761145,1.640733988217585,1.762284105337917,0.9310269457959931,0.539553752535497,0.6024340770791075,-8.054850574156303,-5.6704074835742295
EUR_USD,M5,B,direction+body_ratio+wick+session_both,5,107,0.6542056074766355,0.6496,0.00460560747663552,0.504631080045028,0.9999999999998943,-0.0353164628753216,-0.5873901216846277,-0.25738796036919076,-4.287006549769786,1.763572823504525,1.7398724689837384,1.013621891801432,0.6074766355140186,0.7476635514018691,-7.139617751180958,-0.5301705380746602
EUR_USD,M5,B,direction+body_ratio+wick+session_london,5,29,0.5862068965517241,0.6558,-0.06959310344827596,0.8377760719352003,0.9999999999998943,-0.44714703950793744,-1.101636641158674,-2.904106900447684,-7.272703657827904,1.5889969412263774,1.9146234659812202,0.8299265988636761,0.4827586206896552,0.7241379310344828,-8.081640527080527,-1.964552730835191
EUR_USD,M5,B,direction+body_ratio+wick+session_newyork,5,78,0.6794871794871795,0.6465,0.03298717948717955,0.31501117510744564,0.9999999999998943,0.11780003356500995,-0.3961959029058157,0.9124055468266214,-3.0670150191944967,1.8284792412746054,1.6749009444590337,1.0916939579762284,0.6410256410256411,0.782051282051282,-6.673705438217525,-0.7400782085903079
EUR_USD,M5,B,direction+body_ratio+wick+session_both+news,5,96,0.65625,0.6496,0.006650000000000045,0.49247466003038565,0.9999999999998943,-0.007579561713967777,-0.5797321918170127,-0.05456879453851938,-4.179891928797385,1.7734514465905835,1.6918444104283974,1.0482355443911784,0.6145833333333334,0.7395833333333334,-6.993742030646912,-0.5360845833601344
EUR_USD,M5,B,direction+body_ratio+wick+session_both+news+trend,5,46,0.5217391304347826,0.6496,-0.12786086956521736,0.9738125832245449,0.9999999999998943,-0.015894812187241734,-0.6176782951456166,-0.09917211741914206,-3.9096816361809754,1.8255519679515202,1.843072300491139,0.9904939526599418,0.5217391304347826,0.6739130434782609,-5.8196907061367975,-0.39291288316459444
EUR_USD,M5,B,direction+body_ratio+wick+session_both+news+trend+range_position,5,35,0.5714285714285714,0.6496,-0.07817142857142856,0.8733647360000767,0.9999999999998943,-0.27174483154183227,-0.8246475765289059,-1.8876941890167376,-5.745530926101754,1.7452699667222151,1.8200757122295221,0.9588996518086201,0.6,0.7714285714285715,-7.350086433832158,-1.33505678294633
EUR_USD,M5,B,direction,10,1939,0.5838060856111398,0.6496,-0.06579391438886018,0.9999999991398649,0.9999999999998943,-0.08801509903545156,-1.0635418008779038,-0.4361078356449505,-5.196862586927844,2.316076001761325,2.378781480966601,0.9736396639594673,0.5585353274883961,0.6090768437338835,-6.029702995415919,-4.470669891994015
EUR_USD,M5,B,direction+body_ratio,10,986,0.579107505070994,0.6496,-0.070492494929006,0.9999980226743893,0.9999999999998943,-0.1865434171999904,-1.109363757260943,-0.898412689338215,-5.271787184898535,2.2580904070887016,2.4371313412784543,0.9265361980467444,0.5456389452332657,0.6075050709939148,-6.29054056688564,-4.383673956743476
EUR_USD,M5,B,direction+body_ratio+wick,10,986,0.579107505070994,0.6496,-0.070492494929006,0.9999980226743893,0.9999999999998943,-0.1865434171999904,-1.109363757260943,-0.898412689338215,-5.271787184898535,2.2580904070887016,2.4371313412784543,0.9265361980467444,0.5456389452332657,0.6075050709939148,-6.29054056688564,-4.383673956743476
EUR_USD,M5,B,direction+body_ratio+wick+session_both,10,107,0.6542056074766355,0.64905,0.00515560747663546,0.4998628701351163,0.9999999999998943,-0.21939118021742693,-0.7714648390267329,-1.161425715645742,-4.085926943525494,2.207796321555911,2.3247223527236147,0.9497032275571684,0.6074766355140186,0.7476635514018691,-6.476393233333775,-0.5012430093299695
EUR_USD,M5,B,direction+body_ratio+wick+session_london,10,29,0.5862068965517241,0.6555,-0.06929310344827588,0.8369181306524254,0.9999999999998943,-0.6705707051645647,-1.3250603068153008,-3.334123970216743,-6.610812370872052,1.9847145607006478,2.683334147101702,0.7396449535904276,0.4827586206896552,0.7241379310344828,-8.957221722605551,-4.178555409249728
EUR_USD,M5,B,direction+body_ratio+wick+session_newyork,10,78,0.6794871794871795,0.64645,0.03303717948717955,0.31468392480866547,0.9999999999998943,-0.05164494658323466,-0.5656408830540602,-0.2821759745925194,-3.0975442922673886,2.2907369762328673,2.1913923266086845,1.0453340318928308,0.6410256410256411,0.782051282051282,-6.200802240632729,0.24296386450904928
EUR_USD,M5,B,direction+body_ratio+wick+session_both+news,10,96,0.65625,0.64905,0.007199999999999984,0.48795964394254515,0.9999999999998943,-0.1810169438034888,-0.7531695739065336,-0.9585538040377092,-3.9911414048305462,2.2169224782199826,2.2600297379461933,0.980926242251403,0.6145833333333334,0.7395833333333334,-6.8020698114431895,-0.5527734876903077
EUR_USD,M5,B,direction+body_ratio+wick+session_both+news+trend,10,46,0.5217391304347826,0.64905,-0.12731086956521742,0.9733203071276507,0.9999999999998943,-0.562167010602736,-1.1639504935611107,-2.9966218084869936,-6.270648815111132,2.1015828577418274,2.442107894973386,0.8605610186460375,0.5217391304347826,0.6739130434782609,-8.818370326297536,-2.539891368792007
EUR_USD,M5,B,direction+body_ratio+wick+session_both+news+trend+range_position,10,35,0.5714285714285714,0.64905,-0.07762142857142862,0.8719080912922412,0.9999999999998943,-0.8645717417915497,-1.4174744867786233,-4.6146237367461085,-7.570455163027989,1.9879160111092926,2.504677170658518,0.7936815308563854,0.6,0.7714285714285715,-8.07131563964538,-3.0818818782499346
EUR_USD,M5,B,direction,20,1939,0.5858690046415678,0.6497,-0.06383099535843229,0.9999999974753768,0.9999999999998943,-0.13119727249249313,-1.1067239743349453,-0.4497425350442891,-3.763291261588397,3.3361846020574597,3.4409211481228366,0.9695614803255475,0.5611139762764311,0.6111397627643115,-4.625273604484077,-3.0263801790114977
EUR_USD,M5,B,direction+body_ratio,20,986,0.5811359026369168,0.6497,-0.06856409736308322,0.9999964415419947,0.9999999999998943,-0.08157763237795596,-1.0043979724389083,-0.2712245737862658,-3.313611437242114,3.3543222569253937,3.483025560395987,0.9630484183251411,0.5476419878296148,0.6095334685598377,-4.5056831709272265,-2.2233159875652166
EUR_USD,M5,B,direction+body_ratio+wick,20,986,0.5811359026369168,0.6497,-0.06856409736308322,0.9999964415419947,0.9999999999998943,-0.08157763237795596,-1.0043979724389083,-0.2712245737862658,-3.313611437242114,3.3543222569253937,3.483025560395987,0.9630484183251411,0.5476419878296148,0.6095334685598377,-4.5056831709272265,-2.2233159875652166
EUR_USD,M5,B,direction+body_ratio+wick+session_both,20,107,0.6542056074766355,0.64875,0.005455607476635427,0.4972629593529506,0.9999999999998943,-0.04582768071864489,-0.597901339527951,-0.17051494786110963,-2.223452902312828,3.1655673286057047,3.1444956268094435,1.006701138846118,0.6074766355140186,0.7476635514018691,-5.086779524408405,1.5495277586710106
EUR_USD,M5,B,direction+body_ratio+wick+session_london,20,29,0.5862068965517241,0.6558,-0.06959310344827596,0.8377760719352003,0.9999999999998943,-0.3301512840974845,-0.9846408857482211,-1.15968196897186,-3.4396430868268344,3.4871753765472926,3.498167660517365,0.9968577023639723,0.4827586206896552,0.7241379310344828,-6.940754893361925,-1.0597640212681039
EUR_USD,M5,B,direction+body_ratio+wick+session_newyork,20,78,0.6794871794871795,0.6465,0.03298717948717955,0.31501117510744564,0.9999999999998943,0.05988237694784667,-0.45411355952297894,0.22831516735878482,-1.736020618229877,3.045995105653063,3.013002178379576,1.0109501836773418,0.6410256410256411,0.782051282051282,-4.839102110001997,1.4116298051629745
EUR_USD,M5,B,direction+body_ratio+wick+session_both+news,20,96,0.65625,0.64875,0.007499999999999951,0.48549843467130765,0.9999999999998943,0.18560224980715356,-0.3865503802958914,0.75453215854682,-1.5687823207023615,3.195079703193001,2.93331865636873,1.0892371670073906,0.6145833333333334,0.7395833333333334,-4.189790598677161,1.838931021071629
EUR_USD,M5,B,direction+body_ratio+wick+session_both+news+trend,20,46,0.5217391304347826,0.64875,-0.12701086956521745,0.9730486645723256,0.9999999999998943,-0.28292321004192383,-0.8847066930002987,-1.1584348755979494,-3.6310113450869563,3.0292666540861384,3.2550407005603006,0.9306386410359481,0.5217391304347826,0.6739130434782609,-10.427656754706621,1.5323846096848888
EUR_USD,M5,B,direction+body_ratio+wick+session_both+news+trend+range_position,20,35,0.5714285714285714,0.64875,-0.07732142857142865,0.8711089936590348,0.9999999999998943,-0.48410619439856667,-1.03700893938564,-2.119174888234742,-4.511089177617716,2.653222445800891,3.257621313301932,0.8144661980712482,0.6,0.7714285714285715,-7.535795156489808,0.24442156348438576
EUR_USD,M5,B_sn,direction,5,1421,0.5545390570021111,0.6487,-0.09416094299788891,0.9999999999998943,0.9999999999998943,-0.05762675721380744,-0.9716430957317949,-0.4355608765027376,-7.027325342297949,1.4682305502709607,1.5495588404917202,0.9475151971673746,0.5263898662913441,0.5791695988740324,-8.46017058187575,-6.03280086625425
EUR_USD,M5,B_sn,direction+body_ratio,5,729,0.5610425240054869,0.6487,-0.08765747599451312,0.9999995696009557,0.9999999999998943,-0.13944552538549512,-1.0014783385611608,-1.0179911650853875,-6.972739332629173,1.4927504663412101,1.6170011507509556,0.923159804585147,0.5198902606310014,0.5939643347050755,-8.61529924497748,-5.465298049330119
EUR_USD,M5,B_sn,direction+body_ratio+wick,5,729,0.5610425240054869,0.6487,-0.08765747599451312,0.9999995696009557,0.9999999999998943,-0.13944552538549512,-1.0014783385611608,-1.0179911650853875,-6.972739332629173,1.4927504663412101,1.6170011507509556,0.923159804585147,0.5198902606310014,0.5939643347050755,-8.61529924497748,-5.465298049330119
EUR_USD,M5,B_sn,direction+body_ratio+wick+session_both,5,94,0.648936170212766,0.6496,-0.0006638297872340049,0.552563232156186,0.9999999999998943,-0.07726200912518633,-0.595467338965946,-0.5505679287411479,-4.280555790672884,1.713969324080875,1.725696466278265,0.9932044004107621,0.5638297872340425,0.776595744680851,-7.610311801350002,-1.1355671597093522
EUR_USD,M5,B_sn,direction+body_ratio+wick+session_london,5,29,0.6551724137931034,0.6558,-0.0006275862068966243,0.5877183424810308,0.9999999999998943,-0.10421427317245706,-0.7103923908800529,-0.6331219494605438,-4.388594327256302,1.7513642660551592,1.6425604172525754,1.0662403937534146,0.6206896551724138,0.8620689655172413,-5.911964431771584,1.071559138084679
EUR_USD,M5,B_sn,direction+body_ratio+wick+session_newyork,5,65,0.6461538461538462,0.6465,-0.00034615384615377387,0.5587902795718489,0.9999999999998943,-0.06523715285794249,-0.5441930850350368,-0.5095896575586601,-4.267549356061604,1.697285426892348,1.7627879343051105,0.9628415272546192,0.5846153846153846,0.7692307692307693,-8.018198219154065,-1.5222343128666522
EUR_USD,M5,B_sn,direction+body_ratio+wick+session_both+news,5,81,0.6419753086419753,0.6496,-0.007624691358024682,0.6067633760610313,0.9999999999998943,0.006165051676655439,-0.5346420199270303,0.043414645877255076,-3.796050629239056,1.7399755852689758,1.634883911564316,1.064280817103463,0.5555555555555556,0.7654320987654321,-6.900146364125585,-1.472343165558453
EUR_USD,M5,B_sn,direction+body_ratio+wick+session_both+news+trend,5,40,0.55,0.6496,-0.09959999999999991,0.9293480349377621,0.9999999999998943,-0.09097844854715369,-0.633652380353286,-0.5386727853689058,-3.791269446477774,1.8294578910480381,1.7961031161404677,1.0185706347301733,0.5,0.725,-6.250558465086208,-1.1165394814516152
EUR_USD,M5,B_sn,direction+body_ratio+wick+session_both+news+trend+range_position,5,33,0.5757575757575758,0.6496,-0.07384242424242415,0.857651961116339,0.9999999999998943,-0.20648807901819916,-0.7310727890841543,-1.3602988629365553,-4.821737266562543,1.7606904381011346,1.7497095163546748,1.006275854159688,0.5757575757575758,0.7878787878787878,-8.392969111896473,-1.7454186668172418
EUR_USD,M5,B_sn,direction,10,1421,0.577762139338494,0.6496,-0.07183786066150599,0.9999999909586976,0.9999999999998943,-0.10455036294149041,-1.0185667014594777,-0.5967167432908084,-5.660417672991068,1.964336800478342,2.0956834913595643,0.9373251297618364,0.5496129486277269,0.6030964109781843,-6.745054186062618,-4.760242157242507
EUR_USD,M5,B_sn,direction+body_ratio,10,729,0.5816186556927297,0.6496,-0.06798134430727021,0.9999382938160242,0.9999999999998943,-0.12127059771832267,-0.9833034108939883,-0.6423445210819929,-5.060808349291125,1.9874232493613029,2.186499258742024,0.908952171566133,0.5404663923182441,0.6159122085048011,-6.366160241924771,-3.7559636945224963
EUR_USD,M5,B_sn,direction+body_ratio+wick,10,729,0.5816186556927297,0.6496,-0.06798134430727021,0.9999382938160242,0.9999999999998943,-0.12127059771832267,-0.9833034108939883,-0.6423445210819929,-5.060808349291125,1.9874232493613029,2.186499258742024,0.908952171566133,0.5404663923182441,0.6159122085048011,-6.366160241924771,-3.7559636945224963
EUR_USD,M5,B_sn,direction+body_ratio+wick+session_both,10,94,0.648936170212766,0.64905,-0.00011382978723406545,0.5481224264609401,0.9999999999998943,-0.11600865988222556,-0.6342139897229853,-0.6124184118849686,-3.3606635465095875,2.193642042066404,2.324549801327478,0.9436846828636165,0.5638297872340425,0.776595744680851,-6.431724766558093,-0.5829013790802509
EUR_USD,M5,B_sn,direction+body_ratio+wick+session_london,10,29,0.6551724137931034,0.6555,-0.00032758620689654627,0.5863766472584296,0.9999999999998943,0.03825897946291248,-0.5679191382446832,0.18226914261273863,-2.7057538283767473,2.284819522426478,2.268957561998804,1.0069908581338562,0.6206896551724138,0.8620689655172413,-4.948223037256704,0.03979221477071276
EUR_USD,M5,B_sn,direction+body_ratio+wick+session_newyork,10,65,0.6461538461538462,0.64645,-0.0002961538461537794,0.5584555754721253,0.9999999999998943,-0.1848357605131333,-0.6637916926902276,-1.0304731561296838,-3.720206867575497,2.1529628585211396,2.349352492720271,0.9164069100708956,0.5846153846153846,0.7692307692307693,-6.610043680440382,-0.7219295360836305
EUR_USD,M5,B_sn,direction+body_ratio+wick+session_both+news,10,81,0.6419753086419753,0.64905,-0.007074691358024743,0.6027436412617914,0.9999999999998943,0.03547701641684789,-0.5053300551868378,0.18968686954748804,-2.709400400672263,2.2354143536092685,2.1726022088738404,1.0289110194580842,0.5555555555555556,0.7654320987654321,-5.617700413103433,-0.6887526657403036
EUR_USD,M5,B_sn,direction+body_ratio+wick+session_both+news+trend,10,40,0.55,0.64905,-0.09904999999999997,0.9283310492629966,0.9999999999998943,-0.24856011169511216,-0.7912340435012445,-1.269743100492065,-4.069910042295451,2.1660365328617432,2.3128457172154087,0.9365244368610895,0.5,0.725,-6.278023923717223,-2.3599322258274547
EUR_USD,M5,B_sn,direction+body_ratio+wick+session_both+news+trend+range_position,10,33,0.5757575757575758,0.64905,-0.07329242424242421,0.8561198704141693,0.9999999999998943,-0.37007234815450674,-0.8946570582204618,-1.8789301058600452,-4.537185703471844,2.1173891581983355,2.322593610884687,0.9116485760898188,0.5757575757575758,0.7878787878787878,-6.986848653775913,-2.345237808451545
EUR_USD,M5,B_sn,direction,20,1421,0.5869106263194933,0.6497,-0.06278937368050674,0.9999995923014505,0.9999999999998943,0.007933487288776664,-0.9060828512292106,0.03109066291675503,-3.5015201030978544,2.8316292272145063,2.8807185830581252,0.9829593365584824,0.5587614356087263,0.6129486277269528,-4.6367305602319915,-2.6167041508042237
EUR_USD,M5,B_sn,direction+body_ratio,20,729,0.5898491083676269,0.6497,-0.059850891632373115,0.9996503303596679,0.9999999999998943,0.009543999485614584,-0.8524888136900511,0.03405864610220991,-2.996256928636906,2.9267541784500932,3.0048352664591698,0.9740148523679019,0.5486968449931413,0.622805212620027,-4.494067935133364,-1.7729244354763702
EUR_USD,M5,B_sn,direction+body_ratio+wick,20,729,0.5898491083676269,0.6497,-0.059850891632373115,0.9996503303596679,0.9999999999998943,0.009543999485614584,-0.8524888136900511,0.03405864610220991,-2.996256928636906,2.9267541784500932,3.0048352664591698,0.9740148523679019,0.5486968449931413,0.622805212620027,-4.494067935133364,-1.7729244354763702
EUR_USD,M5,B_sn,direction+body_ratio+wick+session_both,20,94,0.648936170212766,0.64875,0.0001861702127659015,0.5456984986151829,0.9999999999998943,-0.13192332590182987,-0.6501286557425896,-0.48796544032146,-2.406515140876769,3.0794212982731572,3.0961880488114146,0.9945847118217855,0.5638297872340425,0.776595744680851,-6.029660344081128,1.0905416016139935
EUR_USD,M5,B_sn,direction+body_ratio+wick+session_london,20,29,0.6551724137931034,0.6558,-0.0006275862068966243,0.5877183424810308,0.9999999999998943,0.02090958611829151,-0.5852685315893044,0.07886015738661155,-2.195592002758121,3.465696631280516,2.8617557150875026,1.2110385987905845,0.6206896551724138,0.8620689655172413,-6.59943621576169,0.6396780764620625
EUR_USD,M5,B_sn,direction+body_ratio+wick+session_newyork,20,65,0.6461538461538462,0.6465,-0.00034615384615377387,0.5587902795718489,0.9999999999998943,-0.20011031741849938,-0.6790662495955937,-0.734255969933811,-2.499145190635515,2.907083072777567,3.2007809361651605,0.9082418105940511,0.5846153846153846,0.7692307692307693,-5.5148461993177404,1.4945640729117158
EUR_USD,M5,B_sn,direction+body_ratio+wick+session_both+news,20,81,0.6419753086419753,0.64875,-0.006774691358024776,0.6005472479649461,0.9999999999998943,0.2658025401149269,-0.2750045314887588,1.1157579046825055,-1.1531819064058233,3.157449488504537,2.743871572740054,1.1507278692899903,0.5555555555555556,0.7654320987654321,-4.145684865132725,1.3829107116565769
EUR_USD,M5,B_sn,direction+body_ratio+wick+session_both+news+trend,20,40,0.55,0.64875,-0.09875,0.9277718458134845,0.9999999999998943,-0.2555457963175153,-0.7982197281236477,-1.1046823543122306,-3.4403650739601277,2.9775925954362834,2.9924013611819262,0.9950512100623448,0.5,0.725,-9.864986269641708,0.5242924971009814
EUR_USD,M5,B_sn,direction+body_ratio+wick+session_both+news+trend+range_position,20,33,0.5757575757575758,0.64875,-0.07299242424242425,0.8552798514282822,0.9999999999998943,-0.010641333287797733,-0.535226043353753,-0.04667230649710922,-2.33000704419035,2.8779733212250216,2.8919101884457996,0.9951807399564272,0.5757575757575758,0.7878787878787878,-7.123853412992861,0.20214489873439329
EUR_USD,M5,C,direction,5,6582,0.6058948647827408,0.6487,-0.04280513521725926,0.9999999999997531,0.9999999999998943,-0.027939316200223403,-0.9134874924877253,-0.21661077250891825,-6.942638507253019,1.4278851149595984,1.4528617940193171,0.9828086338545519,0.5931327863871164,0.6177453661501063,-7.569000702333518,-6.323306484450983
EUR_USD,M5,C,direction+body_ratio,5,3433,0.6023885814156714,0.6487,-0.046311418584328634,0.9999999920549397,0.9999999999998943,-0.028829346792851932,-0.8997383898200707,-0.21769471951270114,-6.678599289771806,1.431602308231112,1.4395250642448942,0.9944962708808838,0.5849111564229537,0.618700844742208,-7.625735979640487,-5.820490833296835
EUR_USD,M5,C,direction+body_ratio+wick,5,3433,0.6023885814156714,0.6487,-0.046311418584328634,0.9999999920549397,0.9999999999998943,-0.028829346792851932,-0.8997383898200707,-0.21769471951270114,-6.678599289771806,1.431602308231112,1.4395250642448942,0.9944962708808838,0.5849111564229537,0.618700844742208,-7.625735979640487,-5.820490833296835
EUR_USD,M5,C,direction+body_ratio+wick+session_both,5,416,0.6177884615384616,0.6496,-0.03181153846153839,0.9202376726603276,0.9999999999998943,0.007134262007753877,-0.7015149649980577,0.05539882679145526,-5.44261501048389,1.451200747852097,1.3875033031454354,1.045907958966484,0.5721153846153846,0.6634615384615384,-7.234446128949133,-4.053604761967131
EUR_USD,M5,C,direction+body_ratio+wick+session_london,5,194,0.6134020618556701,0.6558,-0.042397938144329905,0.9054707442515186,0.9999999999998943,0.15310171672182604,-0.6352780327458138,1.3600223116366692,-5.730097073625361,1.4575720926481084,1.2673046346215777,1.1501355339739172,0.5773195876288659,0.6804123711340206,-8.12692304882093,-3.7511946740526767
EUR_USD,M5,C,direction+body_ratio+wick+session_newyork,5,222,0.6216216216216216,0.6465,-0.024878378378378363,0.801638831054184,0.9999999999998943,-0.12042288310274168,-0.7593976895788471,-0.8544260526801273,-5.321842251100029,1.44563299609342,1.4925417792428601,0.9685712093277308,0.5585585585585585,0.6756756756756757,-7.730159461892113,-3.8670857268975483
EUR_USD,M5,C,direction+body_ratio+wick+session_both+news,5,415,0.6168674698795181,0.6496,-0.03273253012048183,0.9256185834468527,0.9999999999998943,0.0021761680188027836,-0.7072114361257386,0.016898651077553013,-5.489046887262501,1.4486238926008657,1.3889082618786392,1.0429946544068036,0.5710843373493976,0.6626506024096386,-7.293072603664371,-4.104778170398591
EUR_USD,M5,C,direction+body_ratio+wick+session_both+news+trend,5,184,0.5978260869565217,0.6496,-0.051773913043478226,0.9382010433206003,0.9999999999998943,-0.042212237256467285,-0.745710541466688,-0.28912176883480567,-5.098886002162758,1.516225728101969,1.488813470318019,1.0184121505685295,0.5271739130434783,0.6956521739130435,-7.674188829729531,-3.8654979304136674
EUR_USD,M5,C,direction+body_ratio+wick+session_both+news+trend+range_position,5,92,0.5869565217391305,0.6496,-0.06264347826086947,0.9131960267917335,0.9999999999998943,-0.13155551595275036,-0.7725257226252012,-1.488714986011644,-8.90993171714767,1.298550743719359,1.2497123827969094,1.0390796807287348,0.5217391304347826,0.7282608695652174,-13.380869375395166,-5.197665742595462
EUR_USD,M5,C,direction,10,6582,0.616378000607718,0.6496,-0.03322199939228199,0.999999990731266,0.9999999999998943,-0.058338675708687206,-0.9438868519961892,-0.29631363461803273,-4.756497733274305,2.103340502472457,2.1536064328390006,0.9766596488568805,0.6037678517168034,0.6282285019750835,-5.257836273298078,-4.260538332938601
EUR_USD,M5,C,direction+body_ratio,10,3433,0.6120011651616661,0.6496,-0.03759883483833382,0.9999979055698106,0.9999999999998943,-0.10947414006025302,-0.9803831830874717,-0.5517034815930145,-4.909466583886942,2.0587310312511757,2.1508722245000125,0.9571610102174918,0.5945237401689485,0.6283134284882027,-5.685335763897015,-4.191212343282084
EUR_USD,M5,C,direction+body_ratio+wick,10,3433,0.6120011651616661,0.6496,-0.03759883483833382,0.9999979055698106,0.9999999999998943,-0.10947414006025302,-0.9803831830874717,-0.5517034815930145,-4.909466583886942,2.0587310312511757,2.1508722245000125,0.9571610102174918,0.5945237401689485,0.6283134284882027,-5.685335763897015,-4.191212343282084
EUR_USD,M5,C,direction+body_ratio+wick+session_both,10,416,0.6225961538461539,0.64905,-0.02645384615384616,0.8810026903694308,0.9999999999998943,-0.022796269249724537,-0.731445496255536,-0.13229313843652035,-4.22697663690076,1.9733432428942401,1.933952992479387,1.0203677393235673,0.5793269230769231,0.6682692307692307,-5.948406088997752,-2.6999757140933784
EUR_USD,M5,C,direction+body_ratio+wick+session_london,10,194,0.6185567010309279,0.6555,-0.036943298969072114,0.8761613860187425,0.9999999999998943,0.2157449647192018,-0.572634784748438,1.4053205414027374,-3.7169017672859,1.987945151480304,1.7230306846883134,1.1537491288728337,0.5876288659793815,0.6855670103092784,-6.62350203664275,-1.7474916979748623
EUR_USD,M5,C,direction+body_ratio+wick+session_newyork,10,222,0.6261261261261262,0.64645,-0.0203238738738738,0.7602041441578197,0.9999999999998943,-0.2312512214568043,-0.8702260279329099,-1.2418654300211327,-4.637985542146051,1.9605830164721845,2.11827248667519,0.9255575138727725,0.5675675675675675,0.6801801801801802,-6.911196050380924,-2.733541434240707
EUR_USD,M5,C,direction+body_ratio+wick+session_both+news,10,415,0.6216867469879518,0.64905,-0.027363253012048228,0.8882176549341636,0.9999999999998943,-0.02918338090485248,-0.7385709850493939,-0.16934734712031546,-4.268985756004425,1.968083102798868,1.93667469745195,1.0162176979893636,0.5783132530120482,0.6674698795180722,-6.0119006885303925,-2.735597337656229
EUR_USD,M5,C,direction+body_ratio+wick+session_both+news+trend,10,184,0.6032608695652174,0.64905,-0.04578913043478261,0.9150517977034293,0.9999999999998943,0.010693128469830653,-0.6928051757403901,0.0584932992017598,-3.7703359800028298,2.067332647999973,1.9664076879589647,1.0513245349166447,0.532608695652174,0.7010869565217391,-6.3093412277922925,-1.6823879752180673
EUR_USD,M5,C,direction+body_ratio+wick+session_both+news+trend+range_position,10,92,0.5869565217391305,0.64905,-0.06209347826086953,0.9114072353882827,0.9999999999998943,-0.04588302174119896,-0.6868532284136496,-0.3627993881112732,-5.44117320141109,1.7337471383253698,1.7228201623411683,1.006342493675807,0.5217391304347826,0.7282608695652174,-8.474066993180564,-2.6847085284984487
EUR_USD,M5,C,direction,20,6582,0.6183530841689456,0.6497,-0.03134691583105442,0.9999999453829778,0.9999999999998943,-0.11024725953727499,-0.9957954358247769,-0.3913663036922249,-3.5164008936918054,3.090474637533741,3.1896383297243087,0.9689106782839737,0.6055910057733211,0.6302035855363112,-3.927353615729777,-3.099163279427064
EUR_USD,M5,C,direction+body_ratio,20,3433,0.6140401980774832,0.6497,-0.03565980192251683,0.999993710803039,0.9999999999998943,-0.18944143052028842,-1.060350473547507,-0.6814498791442533,-3.7912322984364177,2.9907381690968156,3.1856246830340544,0.9388231404109962,0.5965627730847655,0.6297698805709292,-4.403750974528415,-3.2164503746402615
EUR_USD,M5,C,direction+body_ratio+wick,20,3433,0.6140401980774832,0.6497,-0.03565980192251683,0.999993710803039,0.9999999999998943,-0.18944143052028842,-1.060350473547507,-0.6814498791442533,-3.7912322984364177,2.9907381690968156,3.1856246830340544,0.9388231404109962,0.5965627730847655,0.6297698805709292,-4.403750974528415,-3.2164503746402615
EUR_USD,M5,C,direction+body_ratio+wick+session_both,20,416,0.625,0.64875,-0.02375000000000005,0.8566748536027884,0.9999999999998943,-0.15922233312790673,-0.8678715601337181,-0.6930422216928198,-3.7679313183634218,2.626925999445973,2.6712653579621297,0.9834013650557043,0.5793269230769231,0.6682692307692307,-5.363214647149517,-2.1267384115312495
EUR_USD,M5,C,direction+body_ratio+wick+session_london,20,194,0.6185567010309279,0.6558,-0.03724329896907219,0.8779682450582749,0.9999999999998943,0.09749428537883613,-0.6908854640888038,0.4620443780424569,-3.2582742155261317,2.7196557681336375,2.4157229919920384,1.1258144154562075,0.5876288659793815,0.6855670103092784,-5.319642974831125,-1.5586559952945351
EUR_USD,M5,C,direction+body_ratio+wick+session_newyork,20,222,0.6306306306306306,0.6465,-0.015869369369369335,0.7154349914854848,0.9999999999998943,-0.38356027903019557,-1.0225350855063011,-1.5715049870189979,-4.177281122853161,2.545891877259455,2.894577155251309,0.8795384405769688,0.5675675675675675,0.6801801801801802,-6.435752471748444,-1.8073648251980574
EUR_USD,M5,C,direction+body_ratio+wick+session_both+news,20,415,0.6240963855421687,0.64875,-0.02465361445783132,0.8648807234832898,0.9999999999998943,-0.16897504454793727,-0.8783626486924785,-0.735700470040172,-3.8154162175257937,2.622723844833784,2.675763719237061,0.9801776688943222,0.5783132530120482,0.6674698795180722,-5.406331828166864,-2.1753979594790396
EUR_USD,M5,C,direction+body_ratio+wick+session_both+news+trend,20,184,0.6032608695652174,0.64875,-0.04548913043478264,0.9137032016347177,0.9999999999998943,-0.16217693636714206,-0.8656752405773629,-0.6244662750031349,-3.327132334988307,2.778867262004517,2.766894492392191,1.0043271507624327,0.532608695652174,0.7010869565217391,-5.92699554542158,-0.9691915850768169
EUR_USD,M5,C,direction+body_ratio+wick+session_both+news+trend+range_position,20,92,0.5869565217391305,0.64875,-0.06179347826086956,0.9104204208837771,0.9999999999998943,-0.1171761084877103,-0.7581463151601611,-0.5972878055351359,-3.8637865743561663,2.332578472218484,2.3607738294231444,0.9880567308679672,0.5217391304347826,0.7282608695652174,-6.91255246317638,-1.325822310557868
EUR_USD,M5,C_sn,direction,5,7149,0.60973562736047,0.6487,-0.03896437263953001,0.9999999999965806,0.9999999999998943,-0.02993968709436777,-0.8722617709860455,-0.25080729872770857,-7.109949512746807,1.3029857083973475,1.3291467664425467,0.9803174045893975,0.5978423555742062,0.6212057630437824,-7.712783779663194,-6.556996246364525
EUR_USD,M5,C_sn,direction+body_ratio,5,3647,0.6048807238826432,0.6487,-0.04381927611735681,0.9999999824672215,0.9999999999998943,-0.04455378048512543,-0.8698624330892809,-0.3832233116279134,-7.274667721652208,1.302778242239261,1.3319929858157764,0.9780668938293073,0.5884288456265424,0.6207842061968741,-8.032436384142988,-6.561207344127699
EUR_USD,M5,C_sn,direction+body_ratio+wick,5,3647,0.6048807238826432,0.6487,-0.04381927611735681,0.9999999824672215,0.9999999999998943,-0.04455378048512543,-0.8698624330892809,-0.3832233116279134,-7.274667721652208,1.302778242239261,1.3319929858157764,0.9780668938293073,0.5884288456265424,0.6207842061968741,-8.032436384142988,-6.561207344127699
EUR_USD,M5,C_sn,direction+body_ratio+wick+session_both,5,430,0.6395348837209303,0.6496,-0.010065116279069697,0.6885618327785965,0.9999999999998943,-0.00953241152670401,-0.7155155718308672,-0.08146438088798628,-6.104080533075295,1.4540114090197374,1.381192687998479,1.052721623604004,0.5883720930232558,0.6906976744186046,-8.149976402945729,-3.9340441285014793
EUR_USD,M5,C_sn,direction+body_ratio+wick+session_london,5,233,0.6523605150214592,0.6558,-0.003439484978540852,0.5739047317819479,0.9999999999998943,0.02533801636014487,-0.759868682056333,0.2112107638638435,-6.362935533451278,1.4064096331919715,1.3092004497218657,1.074250802075998,0.6051502145922747,0.7124463519313304,-9.216832206082215,-3.5898481306931456
EUR_USD,M5,C_sn,direction+body_ratio+wick+session_newyork,5,197,0.6243654822335025,0.6465,-0.02213451776649744,0.7666087368146293,0.9999999999998943,-0.050775100347190245,-0.6630573247114075,-0.44788116581984005,-5.792290934843033,1.510311986521613,1.4663408682951842,1.02998696904462,0.5532994923857868,0.700507614213198,-8.118036821301576,-3.1370180596741424
EUR_USD,M5,C_sn,direction+body_ratio+wick+session_both+news,5,425,0.6423529411764706,0.6496,-0.007247058823529384,0.6436830813915473,0.9999999999998943,-0.0013733094903927215,-0.7110875028506763,-0.011733631681589064,-6.060303561992831,1.4551705392311551,1.3670004298204335,1.064498962463606,0.5905882352941176,0.691764705882353,-8.092507655703029,-3.8731437862300484
EUR_USD,M5,C_sn,direction+body_ratio+wick+session_both+news+trend,5,189,0.6190476190476191,0.6496,-0.030552380952380886,0.8307921609593597,0.9999999999998943,-0.05954043845987761,-0.7545418333227584,-0.4785413221991621,-6.058553519225916,1.4532566490574954,1.4193823047808616,1.0238655534612036,0.5555555555555556,0.7037037037037037,-9.779391472582963,-3.244144785499359
EUR_USD,M5,C_sn,direction+body_ratio+wick+session_both+news+trend+range_position,5,105,0.5714285714285714,0.6496,-0.07817142857142856,0.9610511655072572,0.9999999999998943,-0.287258553636503,-0.9283053387829763,-2.4274117827776815,-7.812550940784517,1.3402425105788045,1.529467807613467,0.8762803008388104,0.49523809523809526,0.6761904761904762,-14.115222164018476,-5.87697781278194
EUR_USD,M5,C_sn,direction,10,7149,0.6263813120716184,0.6496,-0.023218687928381554,0.9999800830631579,0.9999999999998943,-0.06122692032662888,-0.9035490042183066,-0.35916650356468316,-5.2234189569363565,1.8531862540199064,1.897419522361904,0.976687670902144,0.614631416981396,0.6375716883480207,-5.712715360798394,-4.723663197413968
EUR_USD,M5,C_sn,direction+body_ratio,10,3647,0.6216068001096792,0.6496,-0.027993199890320786,0.9998012495273255,0.9999999999998943,-0.09050805599354662,-0.9158167085977021,-0.5418901557015392,-5.411097778327129,1.8282569018563923,1.8983138189905566,0.9630951866686522,0.6057033177954483,0.6372360844529751,-6.1080623984747096,-4.734727311523454
EUR_USD,M5,C_sn,direction+body_ratio+wick,10,3647,0.6216068001096792,0.6496,-0.027993199890320786,0.9998012495273255,0.9999999999998943,-0.09050805599354662,-0.9158167085977021,-0.5418901557015392,-5.411097778327129,1.8282569018563923,1.8983138189905566,0.9630951866686522,0.6057033177954483,0.6372360844529751,-6.1080623984747096,-4.734727311523454
EUR_USD,M5,C_sn,direction+body_ratio+wick+session_both,10,430,0.6488372093023256,0.64905,-0.00021279069767443648,0.5258180679052444,0.9999999999998943,0.044485721612113976,-0.6614974386920491,0.28116319635183706,-4.157646958558578,1.9613993390587756,1.8814004155489925,1.0425209449560153,0.597616279069768,0.7000581395348828,-5.654061003991016,-2.512829431315045
EUR_USD,M5,C_sn,direction+body_ratio+wick+session_london,10,233,0.6652360515021459,0.6555,0.00973605150214596,0.4063374224817011,0.9999999999998943,-0.02561335427114403,-0.8108200526876219,-0.165669361964745,-5.228117504446062,1.873792003708916,1.8182006415129843,1.0305749326706166,0.6180257510729614,0.7296137339055794,-7.74436114994033,-3.1690429801520623
EUR_USD,M5,C_sn,direction+body_ratio+wick+session_newyork,10,197,0.6294416243654822,0.64645,-0.017008375634517736,0.7185673372010919,0.9999999999998943,0.12739478090551054,-0.4848874434587067,0.7852386778411194,-2.9742785305732546,2.0650161367060718,1.9561493868707693,1.0556535970953913,0.5583756345177665,0.7106598984771574,-5.137267761944007,-0.22945629678123075
EUR_USD,M5,C_sn,direction+body_ratio+wick+session_both+news,10,425,0.6517647058823529,0.64905,0.002714705882352897,0.475521889615471,0.9999999999998943,0.047338374928357144,-0.6623758184319266,0.2990739446965811,-4.160779609299662,1.96300816569875,1.8697957543108439,1.0498516542103613,0.6,0.7035294117647058,-5.658965524919517,-2.5369957342412253
EUR_USD,M5,C_sn,direction+body_ratio+wick+session_both+news+trend,10,189,0.6243386243386243,0.64905,-0.024711375661375712,0.7854681530215124,0.9999999999998943,-0.009615651301021214,-0.7046170461639021,-0.05777202996479678,-4.217312319732537,1.966410211267051,1.906256048224405,1.0315561821291934,0.5608465608465608,0.708994708994709,-6.685378163379677,-2.214922597945239
EUR_USD,M5,C_sn,direction+body_ratio+wick+session_both+news+trend+range_position,10,105,0.5714285714285714,0.64905,-0.07762142857142862,0.9600266965879851,0.9999999999998943,-0.2477516880707496,-0.888798473217223,-1.6112492849313242,-5.736788476915362,1.731438164770198,2.0265305718959823,0.8543854155381916,0.49523809523809526,0.6761904761904762,-11.349762767154942,-3.9096642290313097
EUR_USD,M5,C_sn,direction,20,7149,0.6304378234718142,0.6497,-0.019262176528185848,0.9996794231198831,0.9999999999998943,-0.07591562989410237,-0.9182377137857801,-0.3034571480004473,-3.6456402612408976,2.7100213807303564,2.769075017521305,0.978673876143735,0.6185480486781368,0.6416281997482165,-4.086581117148898,-3.197373314065988
EUR_USD,M5,C_sn,direction+body_ratio,20,3647,0.6251713737318344,0.6497,-0.024528626268165654,0.9990583407851923,0.9999999999998943,-0.12611059166866814,-0.9514192442728235,-0.5145802622287176,-3.8493857768463706,2.6581981838106032,2.7854636133811224,0.9543108626660398,0.6092678914176035,0.6405264601041952,-4.477418858716849,-3.253446080345368
EUR_USD,M5,C_sn,direction+body_ratio+wick,20,3647,0.6251713737318344,0.6497,-0.024528626268165654,0.9990583407851923,0.9999999999998943,-0.12611059166866814,-0.9514192442728235,-0.5145802622287176,-3.8493857768463706,2.6581981838106032,2.7854636133811224,0.9543108626660398,0.6092678914176035,0.6405264601041952,-4.477418858716849,-3.253446080345368
EUR_USD,M5,C_sn,direction+body_ratio+wick+session_both,20,430,0.6488372093023256,0.64875,8.720930232553048e-05,0.5206227576000015,0.9999999999998943,0.16789506978721513,-0.5380880905169482,0.7995737560044688,-2.563737008804421,2.733466760623853,2.4693430702507984,1.106961115915833,0.597616279069768,0.7000581395348828,-4.543038464606329,-0.5919382256675819
EUR_USD,M5,C_sn,direction+body_ratio+wick+session_london,20,233,0.6652360515021459,0.6558,0.009436051502145881,0.4100778945351219,0.9999999999998943,0.20427142961882355,-0.5809352687976544,0.9421567308267251,-2.6808215544780705,2.6721159569665116,2.445662047035897,1.0925941138126884,0.6180257510729614,0.7296137339055794,-5.224504997913889,-0.36596796533553255
EUR_USD,M5,C_sn,direction+body_ratio+wick+session_newyork,20,197,0.6294416243654822,0.6465,-0.01705837563451773,0.7190651664353281,0.9999999999998943,0.12487125333663242,-0.4874109710275848,0.6194989459840056,-2.419171620817679,2.806028878655124,2.497351590093804,1.1236018547751723,0.5583756345177665,0.7106598984771574,-4.6603299717216515,0.2103946901632074
EUR_USD,M5,C_sn,direction+body_ratio+wick+session_both+news,20,425,0.6517647058823529,0.64875,0.003014705882352864,0.470363245464974,0.9999999999998943,0.19198619311195744,-0.5177280002483263,0.9310095531975069,-2.510695843127402,2.7310786810021486,2.437813664871642,1.1202983724131137,0.6,0.7035294117647058,-4.439947296087735,-0.6191757907401362
EUR_USD,M5,C_sn,direction+body_ratio+wick+session_both+news+trend,20,189,0.6243386243386243,0.64875,-0.024411375661375745,0.7829201594311817,0.9999999999998943,0.28688053706273,-0.4081208578001508,1.245696812938854,-1.7717753694404084,2.8633401913974303,2.5268107590408038,1.133183472942143,0.5608465608465608,0.708994708994709,-5.057417179175887,0.6991383724504141
EUR_USD,M5,C_sn,direction+body_ratio+wick+session_both+news+trend+range_position,20,105,0.5714285714285714,0.64875,-0.07732142857142865,0.9594589581536539,0.9999999999998943,0.10967531450710541,-0.5313714706393678,0.5042106599845958,-2.4268736803112505,2.5706203905798355,2.5841385433072257,0.9947687972216499,0.49523809523809526,0.6761904761904762,-8.116861734434279,-0.8490166086926324
EUR_USD,M5,D,direction,5,5522,0.604491126403477,0.6487,-0.044208873596523035,0.9999999999959532,0.9999999999998943,-0.045851908206518986,-0.8849787609371131,-0.37398231195012704,-7.0465526283525906,1.3221742692185037,1.3668497127652888,0.967315028763183,0.5901847156827237,0.6189786309308222,-7.690637098806412,-6.467847364271696
EUR_USD,M5,D,direction+body_ratio,5,2846,0.5990864371047083,0.6487,-0.04961356289529173,0.999999982250173,0.9999999999998943,-0.05888191070209718,-0.8758560113640701,-0.48933107741392246,-7.093056939192322,1.3029673943397706,1.3659277182140388,0.953906547883376,0.5794096978215039,0.6184118060435699,-8.053211233582728,-6.269467067869619
EUR_USD,M5,D,direction+body_ratio+wick,5,2846,0.5990864371047083,0.6487,-0.04961356289529173,0.999999982250173,0.9999999999998943,-0.05888191070209718,-0.8758560113640701,-0.48933107741392246,-7.093056939192322,1.3029673943397706,1.3659277182140388,0.953906547883376,0.5794096978215039,0.6184118060435699,-8.053211233582728,-6.269467067869619
EUR_USD,M5,D,direction+body_ratio+wick+session_both,5,336,0.6160714285714286,0.6496,-0.03352857142857135,0.9100644421198495,0.9999999999998943,-0.0378433705208369,-0.7388203226696465,-0.339085667056972,-6.626913005346628,1.434236621478695,1.4472142256450777,0.9910326999718386,0.5505952380952381,0.6815476190476191,-8.463552439596834,-4.9740007777178965
EUR_USD,M5,D,direction+body_ratio+wick+session_london,5,186,0.6344086021505376,0.6558,-0.021391397849462424,0.7565560324715974,0.9999999999998943,-0.089281300339426,-0.887444771174424,-0.7875034030089494,-7.896187531397025,1.3552182649270739,1.3779259555027565,0.9835203840344255,0.5698924731182796,0.7204301075268817,-9.686437446548597,-6.000849138923656
EUR_USD,M5,D,direction+body_ratio+wick+session_newyork,5,150,0.5933333333333334,0.6465,-0.053166666666666584,0.9250065930980551,0.9999999999998943,0.025939662454213537,-0.5545260065237221,0.23745963696685413,-5.075681119905679,1.5322193836027052,1.5331316806215556,0.9994049454261615,0.5333333333333333,0.6733333333333333,-7.647703282565377,-2.6261689698092168
EUR_USD,M5,D,direction+body_ratio+wick+session_both+news,5,327,0.6146788990825688,0.6496,-0.03492110091743117,0.9157092985239631,0.9999999999998943,-0.041673667166396394,-0.751684632603515,-0.3735550255352601,-6.751917690742074,1.4271226762442633,1.4310420673583035,0.997261162894201,0.5504587155963303,0.6819571865443425,-8.640166125007381,-5.040287732305313
EUR_USD,M5,D,direction+body_ratio+wick+session_both+news+trend,5,146,0.547945205479452,0.6496,-0.10165479452054793,0.995601865340871,0.9999999999998943,-0.07845323085108702,-0.7806022455452142,-0.6374702878910669,-6.4414733027222315,1.4575566067868955,1.5174460428207506,0.9605327409714498,0.4520547945205479,0.6643835616438356,-10.163844827015179,-3.9665355905869526
EUR_USD,M5,D,direction+body_ratio+wick+session_both+news+trend+range_position,5,94,0.5425531914893617,0.6496,-0.1070468085106383,0.9877247010426244,0.9999999999998943,-0.217561972163542,-0.8824740125859739,-1.886807691549979,-7.803554225980632,1.4271023111310284,1.5121121650559812,0.9437807221650084,0.46808510638297873,0.6595744680851063,-13.701071052294992,-4.68657146141687
EUR_USD,M5,D,direction,10,5522,0.6216950380296994,0.6496,-0.027904961970300568,0.99999276647982,0.9999999999998943,-0.07482546404568731,-0.9139523167762812,-0.43656922565340966,-5.262601289388808,1.8706516741010346,1.9312343141746415,0.9686300933921121,0.607388627308946,0.6360014487504527,-5.8086972563383705,-4.716761593643586
EUR_USD,M5,D,direction+body_ratio,10,2846,0.6166549543218552,0.6496,-0.03294504567814471,0.9998835510873618,0.9999999999998943,-0.10552122681366255,-0.9224953274756353,-0.6313074592113436,-5.4419717638878495,1.8081667669080417,1.9166879002062442,0.94338090552639,0.5976809557273366,0.6359803232607167,-6.232853587359841,-4.687822625587208
EUR_USD,M5,D,direction+body_ratio+wick,10,2846,0.6166549543218552,0.6496,-0.03294504567814471,0.9998835510873618,0.9999999999998943,-0.10552122681366255,-0.9224953274756353,-0.6313074592113436,-5.4419717638878495,1.8081667669080417,1.9166879002062442,0.94338090552639,0.5976809557273366,0.6359803232607167,-6.232853587359841,-4.687822625587208
EUR_USD,M5,D,direction+body_ratio+wick+session_both,10,336,0.6220238095238095,0.64905,-0.02702619047619048,0.8630517181244828,0.9999999999998943,-0.13813307580231854,-0.8391100279511282,-0.8877488541567248,-5.36639601421196,1.9051713389579812,1.9527677122309532,0.9756261981520602,0.5595238095238095,0.6845238095238095,-6.9726816163822,-3.8875078853253426
EUR_USD,M5,D,direction+body_ratio+wick+session_london,10,186,0.6397849462365591,0.6555,-0.015715053763440845,0.7032500200173191,0.9999999999998943,-0.18977948109453383,-0.987942951929532,-1.3454432416873316,-6.9396752821710015,1.7900501521633136,1.8896626755701194,0.9472855527631395,0.5752688172043011,0.7258064516129032,-9.378833863061834,-4.649107209306255
EUR_USD,M5,D,direction+body_ratio+wick+session_newyork,10,150,0.6,0.64645,-0.04644999999999999,0.8981046869200582,0.9999999999998943,-0.07409153323997161,-0.6545572022179073,-0.4311409826598395,-3.8179628861784844,2.0479216105833697,2.0310179576903873,1.0083227491066622,0.54,0.68,-6.763214200912221,-0.9044437842737456
EUR_USD,M5,D,direction+body_ratio+wick+session_both+news,10,327,0.6207951070336392,0.64905,-0.028254892966360856,0.8701423585738722,0.9999999999998943,-0.13564689538971475,-0.8456578608268335,-0.8736250857076013,-5.420376378327301,1.896288129286782,1.9352760513319875,0.9798540771388291,0.5596330275229358,0.6850152905198776,-6.99788072940509,-3.981022291976405
EUR_USD,M5,D,direction+body_ratio+wick+session_both+news+trend,10,146,0.547945205479452,0.64905,-0.10110479452054799,0.9954151702675406,0.9999999999998943,-0.2038110712879895,-0.9059600859821167,-1.284484543292284,-5.7177139896339995,1.8704267791663798,2.014656233665031,0.9284098934157758,0.4520547945205479,0.6643835616438356,-8.903444196302061,-3.7638136025566507
EUR_USD,M5,D,direction+body_ratio+wick+session_both+news+trend+range_position,10,94,0.5425531914893617,0.64905,-0.10649680851063836,0.987356115209454,0.9999999999998943,-0.26119994484768433,-0.9261119852701165,-1.6949717731748148,-6.029784311282085,1.7743122417070862,2.0211483267490378,0.8778733446847117,0.46808510638297873,0.6595744680851063,-12.025643656292225,-2.9001143426674396
EUR_USD,M5,D,direction,20,5522,0.626946758420862,0.6497,-0.02275324157913805,0.9998019606820844,0.9999999999998943,-0.08735642133184872,-0.9264832740624429,-0.3480281537801311,-3.6664752854693434,2.7085100699072457,2.8085515562525862,0.9643796867026986,0.6128169141615357,0.6414342629482072,-4.157797736612743,-3.2083703115878275
EUR_USD,M5,D,direction+body_ratio,20,2846,0.6208713984539704,0.6497,-0.02882860154602962,0.9993721854436438,0.9999999999998943,-0.15219869014909743,-0.9691727908110701,-0.6183128590627948,-3.901844447750224,2.621999750842674,2.8086762051348546,0.933535786734371,0.6022487702037947,0.6398453970484891,-4.582808308909985,-3.305746011041018
EUR_USD,M5,D,direction+body_ratio+wick,20,2846,0.6208713984539704,0.6497,-0.02882860154602962,0.9993721854436438,0.9999999999998943,-0.15219869014909743,-0.9691727908110701,-0.6183128590627948,-3.901844447750224,2.621999750842674,2.8086762051348546,0.933535786734371,0.6022487702037947,0.6398453970484891,-4.582808308909985,-3.305746011041018
EUR_USD,M5,D,direction+body_ratio+wick+session_both,20,336,0.6220238095238095,0.64875,-0.026726190476190514,0.8604927474365536,0.9999999999998943,-0.18982660167369594,-0.8908035538225055,-0.9458764588630043,-4.42519895810901,2.58257019269617,2.644545023715784,0.9765650308601914,0.5595238095238095,0.6845238095238095,-6.0335539836592265,-2.7075657106329314
EUR_USD,M5,D,direction+body_ratio+wick+session_london,20,186,0.6397849462365591,0.6558,-0.016015053763440923,0.7062387739479183,0.9999999999998943,-0.23167352858241644,-1.0298369994174146,-1.1732474457547502,-5.187987837535977,2.5020670180460125,2.6344246837246796,0.9497584172755573,0.5752688172043011,0.7258064516129032,-6.88875763108878,-2.9205908411416677
EUR_USD,M5,D,direction+body_ratio+wick+session_newyork,20,150,0.6,0.6465,-0.046499999999999986,0.8983349941419713,0.9999999999998943,-0.13793641230688264,-0.7184020812848183,-0.6742750800058774,-3.5181590754747694,2.6823941292623656,2.6570942453047532,1.0095216359006907,0.54,0.68,-6.099055584387728,-0.9834133219936995
EUR_USD,M5,D,direction+body_ratio+wick+session_both+news,20,327,0.6207951070336392,0.64875,-0.02795489296636089,0.8677076497026733,0.9999999999998943,-0.1455575252604162,-0.8555684906975348,-0.7462194548517216,-4.368185057706641,2.581050852462667,2.599524463575298,0.9928934651812343,0.5596330275229358,0.6850152905198776,-5.940127635309402,-2.6227444295121938
EUR_USD,M5,D,direction+body_ratio+wick+session_both+news+trend,20,146,0.547945205479452,0.64875,-0.10080479452054802,0.9953104258143842,0.9999999999998943,-0.2251824872185547,-0.9273315019126818,-1.1044571165430668,-4.527480561266214,2.5953776051393453,2.721062675835803,0.9538102992582292,0.4520547945205479,0.6643835616438356,-8.271875415312062,-1.9478325169985637
EUR_USD,M5,D,direction+body_ratio+wick+session_both+news+trend+range_position,20,94,0.5425531914893617,0.64875,-0.1061968085106384,0.9871511441734252,0.9999999999998943,-0.3194400152980838,-0.9843520557205155,-1.5669157658951032,-4.7934570861362396,2.4599592004449296,2.7149771301725982,0.9060699528944258,0.46808510638297873,0.6595744680851063,-10.84660773537243,-3.1348456278417327
